{
    "/home/jax/jax/experimental/sparse/bcoo.py": 3.219905755813174e-05,
    "/home/jax/jax/experimental/pjit.py": 4.5998653654473914e-05,
    "/home/jax/jax/interpreters/pxla.py": 4.5998653654473914e-05,
    "/home/jax/jax/_src/numpy/lax_numpy.py": 0.003323293056960097,
    "/home/jax/jax/_src/lax/linalg.py": 0.0002736874734008088,
    "/home/jax/jax/experimental/jax2tf/impl_no_xla.py": 9.387480337647739e-05,
    "/home/jax/jax/experimental/sparse/transform.py": 9.387480337647739e-05,
    "/home/jax/jax/experimental/jax2tf/jax2tf.py": 0.00013410686196639628,
    "/home/jax/jax/_src/lax/lax.py": 0.004747561509942996,
    "/home/jax/jax/_src/scipy/linalg.py": 0.00039098210485829826,
    "/home/jax/jax/_src/random.py": 0.0005585458640832833,
    "/home/jax/jax/_src/custom_derivatives.py": 0.00019158123138056615,
    "/home/jax/jax/experimental/sparse/csr.py": 0.00013410686196639628,
    "/home/jax/jax/experimental/sparse/coo.py": 0.00013410686196639628,
    "/home/jax/jax/_src/numpy/linalg.py": 0.000797922662976119,
    "/home/jax/jax/_src/test_util.py": 0.0002736874734008088,
    "/home/jax/jax/experimental/host_callback.py": 0.00019158123138056615,
    "/home/jax/jax/experimental/maps.py": 0.00019158123138056615,
    "/home/jax/jax/experimental/jax2tf/tests/primitive_harness.py": 0.00019158123138056615,
    "/home/jax/jax/experimental/jax2tf/tests/jax2tf_test.py": 0.00019158123138056615,
    "/home/jax/jax/experimental/jax2tf/tests/shape_poly_test.py": 0.00019158123138056615,
    "/home/jax/jax/_src/scipy/sparse/linalg.py": 0.00039098210485829826,
    "/home/jax/jax/interpreters/partial_eval.py": 0.00039098210485829826,
    "/home/jax/jax/experimental/jax2tf/shape_poly.py": 0.00019158123138056615,
    "/home/jax/jax/_src/lax/parallel.py": 0.0002736874734008088,
    "/home/jax/jax/_src/api.py": 0.0002736874734008088,
    "/home/jax/jax/experimental/jax2tf/tests/call_tf_test.py": 0.0002736874734008088,
    "/home/jax/jax/interpreters/sharded_jit.py": 0.0002736874734008088,
    "/home/jax/jax/core.py": 0.00039098210485829826,
    "/home/jax/jax/_src/third_party/numpy/linalg.py": 0.006782230728489994,
    "/home/jax/jax/_src/lax/slicing.py": 0.000797922662976119,
    "/home/jax/jax/interpreters/batching.py": 0.001139889518537313,
    "/home/jax/jax/_src/lax/control_flow/loops.py": 0.000797922662976119,
    "/home/jax/jax/_src/checkify.py": 0.00039098210485829826,
    "/home/jax/jax/experimental/jax2tf/tests/jax2tf_limitations.py": 0.00039098210485829826,
    "/home/jax/jax/interpreters/ad.py": 0.001139889518537313,
    "/home/jax/jax/experimental/jet.py": 0.00039098210485829826,
    "/home/jax/jax/_src/scipy/signal.py": 0.000797922662976119,
    "/home/jax/jax/_src/lax/convolution.py": 0.001139889518537313,
    "/home/jax/jax/experimental/jax2tf/tests/sharding_test.py": 0.00039098210485829826,
    "/home/jax/jax/experimental/global_device_array.py": 0.00039098210485829826,
    "/home/jax/jax/_src/lax/control_flow/conditionals.py": 0.001139889518537313,
    "/home/jax/jax/experimental/jax2tf/tests/tf_test_util.py": 0.0005585458640832833,
    "/home/jax/jax/_src/lax/windowed_reductions.py": 0.0005585458640832833,
    "/home/jax/jax/interpreters/xla.py": 0.000797922662976119,
    "/home/jax/jax/experimental/sparse/api.py": 0.0005585458640832833,
    "/home/jax/jax/_src/scipy/special.py": 0.001139889518537313,
    "/home/jax/jax/interpreters/masking.py": 0.0005585458640832833,
    "/home/jax/jax/experimental/loops.py": 0.0005585458640832833,
    "/home/jax/jax/_src/lax_reference.py": 0.0005585458640832833,
    "/home/jax/jax/example_libraries/optimizers.py": 0.000797922662976119,
    "/home/jax/jax/experimental/sparse/_base.py": 0.000797922662976119,
    "/home/jax/jax/experimental/callback.py": 0.000797922662976119,
    "/home/jax/jax/experimental/sharding.py": 0.000797922662976119,
    "/home/jax/jax/_src/lib/xla_bridge.py": 0.11764899999999995,
    "/home/jax/jax/experimental/jax2tf/call_tf.py": 0.000797922662976119,
    "/home/jax/jax/_src/lax/control_flow/for_loop.py": 0.000797922662976119,
    "/home/jax/jax/experimental/jax2tf/tests/control_flow_ops_test.py": 0.000797922662976119,
    "/home/jax/jax/example_libraries/stax.py": 0.000797922662976119,
    "/home/jax/jax/experimental/sparse/ad.py": 0.000797922662976119,
    "/home/jax/jax/_src/numpy/reductions.py": 0.05764800999999997,
    "/home/jax/jax/_src/public_test_util.py": 0.001139889518537313,
    "/home/jax/jax/_src/numpy/fft.py": 0.04035360699999998,
    "/home/jax/jax/experimental/gda_serialization/serialization.py": 0.000797922662976119,
    "/home/jax/jax/_src/numpy/polynomial.py": 0.009688901040699992,
    "/home/jax/jax/_src/pretty_printer.py": 0.0016284135979104473,
    "/home/jax/jax/experimental/mesh_utils.py": 0.001139889518537313,
    "/home/jax/jax/experimental/sparse/util.py": 0.001139889518537313,
    "/home/jax/jax/_src/device_array.py": 0.001139889518537313,
    "/home/jax/jax/_src/numpy/ufuncs.py": 0.08235429999999996,
    "/home/jax/jax/_src/numpy/setops.py": 0.028247524899999984,
    "/home/jax/jax/_src/third_party/scipy/linalg.py": 0.0016284135979104473,
    "/home/jax/jax/_src/dispatch.py": 0.001139889518537313,
    "/home/jax/jax/experimental/jax2tf/examples/mnist_lib.py": 0.001139889518537313,
    "/home/jax/jax/experimental/sparse/random.py": 0.001139889518537313,
    "/home/jax/jax/_src/ad_checkpoint.py": 0.001139889518537313,
    "/home/jax/jax/jaxpr_util.py": 0.001139889518537313,
    "/home/jax/jax/_src/nn/initializers.py": 0.001139889518537313,
    "/home/jax/jax/experimental/compilation_cache/compilation_cache.py": 0.001139889518537313,
    "/home/jax/jax/experimental/jax2tf/tests/savedmodel_test.py": 0.001139889518537313,
    "/home/jax/jax/tools/jax_to_ir.py": 0.001139889518537313,
    "/home/jax/jax/experimental/array.py": 0.001139889518537313,
    "/home/jax/jax/_src/iree.py": 0.001139889518537313,
    "/home/jax/jax/experimental/ode.py": 0.0016284135979104473,
    "/home/jax/jax/experimental/jax2tf/tests/primitives_test.py": 0.0016284135979104473,
    "/home/jax/jax/_src/tree_util.py": 0.002326305139872068,
    "/home/jax/jax/_src/numpy/vectorize.py": 0.08235429999999996,
    "/home/jax/jax/_src/debugging.py": 0.0016284135979104473,
    "/home/jax/jax/_src/third_party/scipy/interpolate.py": 0.0016284135979104473,
    "/home/jax/jax/_src/lax/eigh.py": 0.0016284135979104473,
    "/home/jax/jax/_src/util.py": 0.04035360699999998,
    "/home/jax/jax/experimental/gda_serialization/serialization_test.py": 0.0016284135979104473,
    "/home/jax/jax/experimental/jax2tf/examples/saved_model_main.py": 0.0016284135979104473,
    "/home/jax/jax/_src/lax/control_flow/solves.py": 0.01384128720099999,
    "/home/jax/jax/_src/ops/scatter.py": 0.01384128720099999,
    "/home/jax/jax/_src/custom_batching.py": 0.0016284135979104473,
    "/home/jax/jax/experimental/multihost_utils.py": 0.0016284135979104473,
    "/home/jax/jax/experimental/jax2tf/tests/jax_primitives_coverage_test.py": 0.002326305139872068,
    "/home/jax/jax/experimental/sparse/__init__.py": 0.002326305139872068,
    "/home/jax/jax/_src/distributed.py": 0.002326305139872068,
    "/home/jax/jax/_src/scipy/fft.py": 0.006782230728489994,
    "/home/jax/jax/_src/scipy/sparse/__init__.py": 0.002326305139872068,
    "/home/jax/jax/_src/prng.py": 0.002326305139872068,
    "/home/jax/jax/_src/lax/fft.py": 0.004747561509942996,
    "/home/jax/jax/_src/scipy/optimize/line_search.py": 0.002326305139872068,
    "/home/jax/jax/_src/api_util.py": 0.003323293056960097,
    "/home/jax/jax/_src/dlpack.py": 0.002326305139872068,
    "/home/jax/jax/_src/scipy/optimize/_lbfgs.py": 0.002326305139872068,
    "/home/jax/jax/_src/custom_transpose.py": 0.002326305139872068,
    "/home/jax/jax/_src/lax/svd.py": 0.002326305139872068,
    "/home/jax/jax/_src/flatten_util.py": 0.002326305139872068,
    "/home/jax/jax/_src/profiler.py": 0.003323293056960097,
    "/home/jax/jax/_src/nn/functions.py": 0.3429999999999999,